dbSNP rsID,Chr,Position,Ref Allele,FST,Han,Japanese,Korean
rs7117447,11,101351383,G,0.1774,0.9927,0.835,0.9728
rs12006467,9,35090720,T,0.1785,0.9982,0.875,0.9864
rs3027238,17,8135061,T,0.3491,0.1193,0,0.5353
rs11034709,11,38428289,A,0.1765,0.9969,0.875,0.9918
rs1420288,16,54477881,T,0.1065,0.9994,0.925,0.9864
rs6478966,9,101776125,G,0.0336,0.3268,0.2,0.1984
rs12134013,1,164459913,C,0.0275,0.9535,1,1
rs6000401,22,37149336,C,0.0932,0.9994,0.935,0.9891
rs4144800,4,38006916,G,0.0283,0.0624,0.005,0.0082
rs7271913,20,39263421,C,0.0585,0.9982,0.96,0.9565
rs10521076,9,108878562,C,0.1446,0.9988,0.905,0.9918
rs6561294,13,46695350,T,0.0203,0.0392,0,0.0027
rs4353835,3,32446775,C,0.171,0.9988,0.89,0.9918
rs7006443,8,9290753,T,0.1045,0.0018,0.085,0.0571
rs4820428,22,41537589,A,0.0334,0.9186,1,0.9783
rs4393669,18,67296561,T,0.0874,0,0.06,0.0136
rs10132483,14,102299420,T,0.1162,0.9994,0.925,0.9918
rs6717406,2,187743228,T,0.095,0.9982,0.92,0.9511
rs189062,2,137349278,G,0.0293,0.0765,0.01,0.0163
rs10132336,14,74869017,A,0.0779,0.0018,0.07,0.0299
rs16944149,17,10938783,T,0.0673,0.9951,0.93,0.9511
rs11625485,14,80242132,T,0.042,0.7166,0.505,0.7391
rs4578397,11,131832284,G,0.1553,0.9982,0.895,0.9918
rs4918000,10,94837743,C,0.1029,0.9969,0.905,0.9511
rs11012716,10,21762267,A,0.0351,0.8476,0.97,0.9239
rs6016226,20,38661387,C,0.0626,0.9988,0.955,0.9592
rs16986850,20,41048928,T,0.0795,0.9896,0.9,0.9321
rs13160399,5,165711426,G,0.0344,0.8311,0.945,0.9212
rs10991718,9,93716118,T,0.0646,0.9841,0.93,0.9076
rs17076328,5,173143508,G,0.0122,0.7026,0.815,0.6766
rs11611033,12,63771136,C,0.0245,0.6836,0.845,0.7391
rs2278339,18,50866195,T,0.0797,0.9982,0.93,0.962
rs3910142,20,12921966,T,0.0267,0.4357,0.245,0.4103
rs17207681,5,138168527,A,0.1064,0.9902,0.87,0.9538
rs1026975,4,113971374,T,0.0513,0.8501,0.725,0.712
rs760873,20,45393072,T,0.0552,0.2509,0.455,0.3832
rs4865142,4,57549583,C,0.0449,0.4425,0.575,0.6168
rs1256519,14,65736324,G,0.0451,0.2062,0.065,0.0951
rs2035023,4,137753683,T,0.0613,0.9162,0.74,0.8967
rs2589787,5,38260303,G,0.0842,0.9994,0.935,0.981
rs2838408,21,45246422,A,0.0731,0.9596,0.82,0.962
rs1901786,3,130021945,G,0.0248,0.7858,0.935,0.7989
rs6436971,2,231582797,T,0.0991,0.9639,0.795,0.9022
rs10849181,12,638166,C,0.051,0.7173,0.53,0.5734
rs1678537,12,57900341,G,0.0442,0.6812,0.895,0.7527
rs1488485,3,7951364,T,0.0495,0.3923,0.575,0.5516
rs9532080,13,38126537,G,0.0726,0.9376,0.785,0.8451
rs4678169,3,124543103,C,0.0477,0.6279,0.435,0.4837
rs10890510,1,48334490,A,0.0403,0.6151,0.835,0.6766
rs11846710,14,58343352,G,0.0871,0.9461,0.765,0.8886
rs4533076,12,56069231,C,0.0677,0.3654,0.61,0.5245
rs4846992,1,230137518,A,0.0291,0.6242,0.815,0.6658
rs11224765,11,101310590,C,0.1185,0.9614,0.765,0.913
rs2377962,18,9101722,G,0.0906,0.97,0.82,0.9158
rs10431079,11,116440678,A,0.063,0.7693,0.525,0.6739
rs155872,3,1454063,C,0.0088,0.9541,1,0.9484
rs17599827,5,89518433,A,0.0908,0.9682,0.815,0.913
rs3923736,7,155060730,A,0.083,0.8158,0.55,0.7147
rs770576,11,99884272,A,0.0762,0.9419,0.78,0.8614
rs4254643,3,792207,G,0.017,0.9333,1,0.962
rs17717717,3,71404405,G,0.0257,0.2687,0.11,0.2201
rs713278,11,133563491,G,0.0678,0.6212,0.34,0.5082
rs8060207,16,82273372,G,0.0649,0.9223,0.775,0.8207
rs7674135,4,84577025,T,0.0248,0.6983,0.865,0.7337
rs16850913,2,166421763,A,0.0757,0.7968,0.555,0.6658
rs1794072,11,61303803,C,0.048,0.604,0.435,0.4402
rs11959012,5,167668843,C,0.0458,0.7834,0.94,0.8886
rs12459941,19,10666112,G,0.0407,0.3121,0.11,0.2391
rs8107011,19,30841000,A,0.0433,0.6401,0.82,0.7663
rs11104947,12,88942980,G,0.1368,0.9241,0.68,0.7826
rs10883736,10,104320029,G,0.0488,0.3378,0.165,0.1957
rs12483769,22,47790072,T,0.0762,0.9382,0.765,0.9321
rs27061,5,1362793,T,0.0461,0.5031,0.255,0.4457
rs928844,21,37999799,C,0.1144,0.981,0.83,0.9511
rs9857773,3,149344615,C,0.0465,0.623,0.375,0.6005
rs26461,5,11202649,C,0.0102,0.9596,1,0.9429
rs16895073,5,65596821,T,0.0132,0.9333,1,0.9348
rs12522710,5,65051804,G,0.0543,0.9009,0.785,0.7799
rs4486887,16,50677571,C,0.0522,0.3256,0.155,0.1766
rs17034099,3,11220006,C,0.0528,0.8843,0.73,0.7826
rs4865290,4,53278689,G,0.0269,0.702,0.865,0.7636
rs11841589,13,73814891,G,0.1204,0.978,0.82,0.9647
rs7032231,9,117025771,C,0.0771,0.6432,0.375,0.481
rs6502840,17,4989857,C,0.071,0.9272,0.765,0.8342
rs12045644,1,40084488,G,0.0263,0.6218,0.805,0.625
rs4491175,11,90956214,T,0.0541,0.6144,0.35,0.5489
rs4690508,4,178295766,G,0.0361,0.4584,0.645,0.3859
rs2253974,21,23231832,C,0.019,0.3372,0.19,0.288
rs6559935,9,89140339,G,0.0489,0.0098,0.065,0
rs11161614,1,85898160,T,0.0414,0.7228,0.89,0.8315
rs258728,7,81663275,C,0.0465,0.6952,0.795,0.8587
rs10486260,7,8859616,C,0.0731,0.8629,0.655,0.7473
rs2333656,17,58184540,T,0.0688,0.2821,0.55,0.3913
rs10088365,8,10097398,G,0.0751,0.7503,0.985,0.6658
rs1371566,2,119738187,T,0.0323,0.8458,0.945,0.9348
rs10483991,14,88682616,G,0.0773,0.9663,0.835,0.894
rs131864,22,47271217,T,0.0515,0.4798,0.255,0.3505
rs12768145,10,17610277,G,0.0532,0.5135,0.315,0.3533
rs1428150,5,132490807,A,0.0693,0.9602,0.835,0.9783
rs16834705,2,193385209,A,0.0626,0.9235,0.795,0.8125
rs7698051,4,60278484,A,0.0499,0.6958,0.495,0.5625
rs978605,10,94903693,A,0.0802,0.0202,0.105,0.1087
rs10459664,15,35064934,C,0.0573,0.8299,0.645,0.7092
rs10972006,9,3430684,T,0.0147,0.9296,0.995,0.9103
rs17766621,14,71262932,T,0.0578,0.855,0.67,0.75
rs3775539,4,99304600,A,0.0999,0.9804,0.855,0.8995
rs12351269,9,16806521,T,0.061,0.6928,0.48,0.5353
rs2945733,8,134615750,T,0.066,0.3048,0.57,0.4158
rs7268940,20,9961532,C,0.0583,0.8849,0.775,0.7446
rs315808,5,169750158,G,0.1437,0.0018,0.095,0.0054
rs17239258,4,183263055,A,0.0234,0.8427,0.97,0.8614
rs3104517,15,27940339,A,0.0391,0.7026,0.865,0.8152
rs7642488,3,84688723,C,0.0655,0.5814,0.355,0.4076
rs17072984,18,62051788,G,0.0484,0.467,0.665,0.6141
rs1524930,21,40968460,A,0.0577,0.94,0.8,0.9511
rs16997770,4,124693346,T,0.0593,0.7142,0.465,0.6141
rs13249584,8,9710943,A,0.0767,0.1047,0.315,0.1848
rs6030932,20,42146320,T,0.1257,0.9988,0.91,0.9864
rs1609763,5,142018424,T,0.0572,0.5404,0.31,0.394
rs17823795,14,63384260,G,0.0485,0.9119,0.805,0.8043
rs2976396,8,143764001,G,0.1692,0.7283,0.365,0.462
rs883433,19,39206288,C,0.0522,0.5961,0.37,0.4647
rs17121800,10,108710873,C,0.1188,0.9804,0.83,0.9674
rs929115,1,171591189,T,0.0645,0.7087,0.455,0.5897
rs12488690,3,150490463,G,0.0827,0.978,0.855,0.9185
rs9947737,18,455128,A,0.0495,0.3121,0.49,0.4647
rs11177698,12,69906287,A,0.0571,0.6481,0.445,0.4864
rs9860483,3,138730737,C,0.1321,0.0073,0.12,0.0082
rs10833071,11,19209050,T,0.0572,0.8103,0.62,0.6848
rs10134903,14,95229777,G,0.0539,0.866,0.745,0.7283
rs6123723,20,37082145,C,0.0296,0.8439,0.98,0.8832
rs12632233,3,94033744,G,0.0485,0.4339,0.25,0.2826
rs7038964,9,104423907,C,0.0804,0.9633,0.84,0.8696
rs12095503,1,171653329,C,0.0236,0.7203,0.88,0.75
rs2642066,17,65639014,G,0.1607,0.9963,0.875,0.9864
rs7022178,9,29780195,G,0.1618,0.9982,0.885,0.9864
rs12151767,2,198274929,G,0.0544,0.7295,0.48,0.6848
rs17451739,5,144030993,C,0.1038,0.967,0.81,0.8777
rs11223550,11,133532372,A,0.0939,0.9718,0.835,0.8886
rs2195856,1,187922876,A,0.0583,0.5275,0.28,0.3967
rs1864307,18,57332158,T,0.0177,0.9302,1,0.9592
rs475235,18,10029988,G,0.0462,0.6756,0.485,0.5408
